Time,elapsed_seconds,Input,ResponseBytes,StateSequence,StateCount,NewNodes,NewEdges,CumulativeObsNodes,CumulativeObsEdges,Error
1759134292,0,rtsp_requests_mpg.raw,1405,0-200-200,3,2,2,2,2,
1774200734,0,0a53c382756bc24056b33d5b7a815c57989aa6a2,398,0-405-400-454,4,3,3,5,5,
1774200734,0,28c45ce8f196e1c33cd5f67ec446ff602d63f5c1,151,0-400,2,0,1,5,6,
1774200734,0,2a54f771cd07c6336446fbbce6cb09462d715eb8,167,0-405,2,0,0,5,6,
1774200734,0,2e9666e255722268cb440907d8abc00f5e61dd87,167,0-405,2,0,0,5,6,
1774200734,0,34e60311a9589ec8debcdde750be5768b2cf10f5,881,0-200-454-454,4,0,2,5,8,
1774200734,0,a4b772766d150ffa92d69656384cd5b897deb024,151,0-400,2,0,0,5,8,
1774200734,0,b1d06068abe9901fe7b5cd33bac367083c4e0b99,233,0-405,2,0,0,5,8,
1774200734,0,f2efad266388a4cb8c17839916bcf51cd62d4f9b,191,0-405,2,0,0,5,8,
1774200735,0,01faf935225a2d456a3f365b0700e8ea9db6f462,151,0-400,2,0,0,5,8,
1774200735,0,1d45628c2dec3fec92dc243cdcb0e1e24fef4c7a,151,0-400,2,0,0,5,8,
1774200735,0,31d5c79fa8fa9ad6a2aeab63e4f6fcfd57edf127,302,0-400-400,3,0,1,5,9,
1774200735,0,52039576454417aacc454e1c2dca304cc6392610,302,0-400-400,3,0,0,5,9,
1774200735,0,6030470e516ca3debed056c9c5fbf1ffabcc8058,302,0-400-400,3,0,0,5,9,
1774200735,0,622d13aa23ee11a302eebd525417a2bc678995b3,302,0-400-400,3,0,0,5,9,
1774200735,0,66928e6cbb59c3a3bce606959ef4a865fe04e642,151,0-400,2,0,0,5,9,
1774200735,0,7e15bb5c01e7dd56499e37c634cf791d3a519aee,0,0,1,0,0,5,9,
1774200735,0,a4eec5e143af0d06c564a8ea8eb6d8a7b1daec58,151,0-400,2,0,0,5,9,
1774200735,0,bf664f3908a28d2eb591cf94a8e3e2c39f38c001,151,0-400,2,0,0,5,9,
1774200735,0,c01f33b8fbed4cfb2bcf9939d1c4d18d83fcc426,151,0-400,2,0,0,5,9,
1774200735,0,cb14fdb3414ea6c0abae35f38c5a44b6d675257f,151,0-400,2,0,0,5,9,
1774200735,0,d1238fe77034a105f2eecfb187c0cd69fe735b5c,151,0-400,2,0,0,5,9,
1774200735,0,dbfb501b50cc2657174f000e429d4c515ce295b4,302,0-400-400,3,0,0,5,9,
1774200735,0,de33c5f90b3e1338f071bb360f0d781ff9e2daff,151,0-400,2,0,0,5,9,
1774200735,0,f39ddda24ac9dc4d5445d1923f6c9ffe12fd801c,151,0-400,2,0,0,5,9,
1774202422,0,e02a3a7b8fb139044182a4e4ef53f86ed4c71326,151,0-400,2,0,0,5,9,
1774203313,0,e37df1d61aa1dec6396a9d3c84e4ba7a12117443,0,0,1,0,0,5,9,
1774204047,0,58e6b3a414a1e090dfc6029add0f3555ccba127f,0,0,1,0,0,5,9,
1774204234,0,5b1314b72982dd1446344594eff34302e8ff9cce,0,0,1,0,0,5,9,
1774214456,0,b52387c9c16a3a28cda33b91cd2c3baedd0987c7,0,0,1,0,0,5,9,
1774214783,0,e596a6ad5db8c5e434a551476adc7f0818abebe7,0,0,1,0,0,5,9,
1774215985,0,f4e240dbfff61bfc335e400f522452fac49b6d61,0,0,1,0,0,5,9,
1774246520,0,dddd3b1fd4897824b519db220f9f05dcfaace08e,0,0,1,0,0,5,9,
1774246587,0,49a2a8ed01df2b0603e815926a846b33bf05d49b,0,0,1,0,0,5,9,
1774247050,0,c409393ce9618bc3f8668e2e926aba677c616a2e,0,0,1,0,0,5,9,
1774247375,0,845997df67d9cf8f6d26dcc786c8000318c8ba9e,0,0,1,0,0,5,9,
1774247651,0,8a792ea0e9f5d42373a0d48c171968caf5a83fd9,0,0,1,0,0,5,9,
1774267430,0,2c7727c6d3909f6b6fac2435279f3bb3cdf57772,151,0-400,2,0,0,5,9,
1774268332,0,8db9008f88df5e8f0f9f8f1ee95ab3896d4713c5,151,0-400,2,0,0,5,9,
1774268430,0,f0358c72675ed85821215064f743c3f615908714,0,0,1,0,0,5,9,
1774276040,0,59e75aa0f5c7cfd99e3d15151d8f80b3fc949b88,0,0,1,0,0,5,9,
1774294635,0,dbcad4e2deb70f7ce97c0984e2359930f7655f89,0,0,1,0,0,5,9,
1774314207,0,3c431746660c36f6c4d12eca4e727ad3b3236f8d,0,0,1,0,0,5,9,
1774314207,0,f4ec613113f0a8724b9eb3841b3df93b5cb49f82,0,0,1,0,0,5,9,
1774318812,0,658c039e25061b0106c1ecdb7415c3b7e70d1900,151,0-400,2,0,0,5,9,
1774327847,0,accaf017b0dbb0bc2fc2c7e95fd05ddb84c78c34,0,0,1,0,0,5,9,
1774347875,0,c2a8ceb2a255027aee2882bb2d48b033aad7a0f0,151,0-400,2,0,0,5,9,
1774350715,0,04ce233b55e2f168283c2b8aa00f069b8160a598,302,0-400-400,3,0,0,5,9,
1774350715,0,07dfcce72d12675e50b2a72d9d147e9b8e2e8923,151,0-400,2,0,0,5,9,
1774350715,0,09c026ad166333f714bcc8e799089c3cef22fcdd,952,0-200-400-454-454,5,0,1,5,10,
1774350715,0,0d1f04d79a97e910ac6660f7b7d7c3c79ab87af8,952,0-200-400-454-454,5,0,0,5,10,
1774350715,0,0f93f4221578615dc141557db4499528508be249,167,0-405,2,0,0,5,10,
1774350715,0,0fbeae3387406550bdf36cc794430bcea0db474e,398,0-405-400-454,4,0,0,5,10,
1774350715,0,10054ff4c89b52b7a1ebad7fbfa25500aa93f557,151,0-400,2,0,0,5,10,
1774350715,0,104772301f97d6e92fbd8781cd0e91814cac725a,151,0-400,2,0,0,5,10,
1774350715,0,184efdeda88b57ed7d6559011e5598c5891d7b81,375,0-405-200,3,0,1,5,11,
1774350715,0,201a061bc1eaff0c8516209db10cb2b9c2a4c685,398,0-405-400-454,4,0,0,5,11,
1774350715,0,2409f14c2fedf9029df195cb47f8f9a5c2ee1fe7,375,0-405-200,3,0,0,5,11,
1774350715,0,254e32fe3a45f8f91cd553da33396e118f545a7d,769,0-400-200-454-200-200,6,0,2,5,13,
1774350715,0,26ae906a5c4920777ce70d2704a7b8400a80e117,382,0-400-400-454,4,0,0,5,13,
1774350715,0,2715bead75c2f318b11ce7baf6f0940f4da2a584,181,0-405,2,0,0,5,13,
1774350715,0,2758a61a3059992b6f52a738ad262ced055563e9,1406,0-200-200,3,0,0,5,13,
1774350715,0,2940b30d913c9fc5e25ba054f5f04cac651d749a,604,0-400-400,3,0,0,5,13,
1774350715,0,3415d92817a5046957f13919647d9d7803f726f9,888,0-200-405-454,4,0,2,5,15,
1774350715,0,35cd62116a7f19611820680142362cf0390a6898,151,0-400,2,0,0,5,15,
1774350715,0,36e55e831864c25181cd969c6ac96ab091eb86e8,1406,0-200-200,3,0,0,5,15,
1774350715,0,3a71737f4cce3bcf1faf2191a4b4c515f1e0f604,1259,0-200-200-454-200-200,6,0,0,5,15,
1774350715,0,3b4723be1195906ea723a8adf9f0d7d662e4ce7a,151,0-400,2,0,0,5,15,
1774350715,0,41d2b18e3f173967def63dedff67ee548bf1fa9e,151,0-400,2,0,0,5,15,
1774350715,0,43076ce7e69f890207cfbba1e35686a98327b4d3,1108,0-200-200,3,0,0,5,15,
1774350715,0,47271c139f23d03247e9bf4cc9049b06d8f07a5e,835,0-200-200,3,0,0,5,15,
1774350715,0,480cf2b3a5ca1621f62db4d1a97d235956bc0a22,835,0-200-200,3,0,0,5,15,
1774350715,0,4ce3977c4af00a5683994708887cbb5d1eba516f,151,0-400,2,0,0,5,15,
1774350715,0,4d321fdea980778de70ff4c5946d46cfab80eb9f,375,0-405-200,3,0,0,5,15,
1774350715,0,4eccb49287e807051f9debe3e38cc773679d537d,954,0-200-400-454-454,5,0,0,5,15,
1774350715,0,50074b5e3028bc3bbca069260fb8fb36d95d9bc2,1116,0-200-200,3,0,0,5,15,
1774350715,0,52402ca5100611914228da09260e90b77e9bbda4,167,0-405,2,0,0,5,15,
1774350715,0,5ff5349a80647ac098f77c35f0f06089aa45ba15,151,0-400,2,0,0,5,15,
1774350715,0,639b65c90ea640849cf82ffe9a551ee764c18b8e,398,0-405-400-454,4,0,0,5,15,
1774350715,0,6920cda3dc328e93c01b744221ecd9b7e1ace628,1263,0-200-404-200-200,5,1,2,6,17,
1774350715,0,7031d60b5db7e1e604ec131ff0ff46527577e212,0,0,1,0,0,6,17,
1774350715,0,7304d42434f44664a7bda67ce9db3f85f8ee90a4,720,0-200-404,3,0,0,6,17,
1774350715,0,78255b628d771da1b497592758bb373f619f502f,151,0-400,2,0,0,6,17,
1774350715,0,789788e39e0c1eaaa5fb0c8cee762ce551f731fe,151,0-400,2,0,0,6,17,
1774350715,0,7a389d07ae905867309cefca16e1b2432bed7c08,398,0-405-400-454,4,0,0,6,17,
1774350715,0,7a7c0ca3b588b5527ffee36d9654de7e39e25436,151,0-400,2,0,0,6,17,
1774350715,0,7aa4b4c51771d5fbd41547d212b3f5cef5793b02,1259,0-200-200-454-200-200,6,0,0,6,17,
1774350715,0,7ab896f3e5b16c51163ceaf6378cb701338883cd,398,0-405-400-454,4,0,0,6,17,
1774350715,0,7ad84ef4edde6de63ce76d95681760d2fd3603b7,849,0-200-200,3,0,0,6,17,
1774350715,0,7b26dd6a10ce7ee5ee59f23da24520a02b9b722e,720,0-200-404,3,0,0,6,17,
1774350715,0,7b8d9b96cd4e19ac3a024b045fa8702749580a16,375,0-405-200,3,0,0,6,17,
1774350715,0,7e79bb4c315488d83d5952d46c15c44af5719a39,881,0-200-454-454,4,0,0,6,17,
1774350715,0,7fde5be20db58364366e126c70048ace03c269c0,849,0-200-200,3,0,0,6,17,
1774350715,0,835b68c27023dd4abfd47c43a616d864b4d47822,329,0-405,2,0,0,6,17,
1774350715,0,857d14b31b12111b413e66b8f962a58d99635d31,720,0-200-404,3,0,0,6,17,
1774350715,0,8bd4e7a84aa5123f87135bb0b20e2a438ace0fa5,0,0,1,0,0,6,17,
1774350715,0,8c8e13a2f560da029ebbf7a99c1c065dfd3097c2,720,0-200-404,3,0,0,6,17,
1774350715,0,8fbab04c079cb79a06bb094c38ca6bb9b513b86f,231,0-400-454,3,0,0,6,17,
1774350715,0,924a192abcc2e0b8f76b291c719588adf4977672,151,0-400,2,0,0,6,17,
1774350715,0,9639ff67092f57188808da4465ef4d92492ba0d0,151,0-400,2,0,0,6,17,
1774350715,0,a02081019510468ebab4640c6d729957705361ea,0,0,1,0,0,6,17,
1774350715,0,a200a3a0499f455401c6d556a4f7c942fe30a4c1,952,0-200-454-454-400,5,0,1,6,18,
1774350715,0,a55883e1474e7a2eab49d8b537568ebaa67cfbb1,755,0-400-400,3,0,0,6,18,
1774350715,0,a9ed5e4adb86a5418cd9e5817c9ee4844a1f8328,720,0-200-404,3,0,0,6,18,
1774350715,0,b0d42bcf03bd82746090ca0ef52b49e57731ff70,382,0-400-400-454,4,0,0,6,18,
1774350715,0,b15e258f3b85423825a385ed7f20bc79da6722ed,835,0-200-200,3,0,0,6,18,
1774350715,0,b32733dd7c9599845a6387e94d54d9cd6487f40e,151,0-400,2,0,0,6,18,
1774350715,0,b8e0af6f10fce5d690e86db448aa4ea3205d607e,888,0-200-405-454,4,0,0,6,18,
1774350715,0,b8f29498abac897ab3e4242f907e5a8ddd294525,1116,0-200-200,3,0,0,6,18,
1774350715,0,b9bb51fe960ad9551d9e2aa82c003b479ecdb087,319,0-404-454-454,4,0,2,6,20,
1774350715,0,bb08777dc4d146df18f4c6c4861b4beadd815458,167,0-405,2,0,0,6,20,
1774350715,0,bb8187e2d9dce916dd2f7f38c889b832abfe9eed,0,0,1,0,0,6,20,
1774350715,0,bc2dde5d560a4b2264401f63017f70946e6bb9d6,1108,0-200-200,3,0,0,6,20,
1774350715,0,bf92edc9634e482764064830818327a6e054d123,671,0-405-200-400-400,5,0,0,6,20,
1774350715,0,c457cddf135f5253e9aca462df00a9112a95cd2a,398,0-405-400-454,4,0,0,6,20,
1774350715,0,cef2ce9c8058d04e4340260bc95e33ea8ed2d11c,151,0-400,2,0,0,6,20,
1774350715,0,d133e42ebe15fe22c734f6868fdf375809a168c0,0,0,1,0,0,6,20,
1774350715,0,d35643983088349b39a8e629d730497d2d8a5401,453,0-400-400,3,0,0,6,20,
1774350715,0,d85aa40cdfcaa77f041be9965b64b415e5cfd518,345,0-400-200,3,0,0,6,20,
1774350715,0,d86a651c12d2477063471bf3c55c00fff5601c01,287,0-404-200,3,0,0,6,20,
1774350715,0,de5997c82d928d3a36aec14d7c666d30bf37738d,151,0-400,2,0,0,6,20,
1774350715,0,dec6e12b0e770b7be6c04f257ccde2f99f22d142,835,0-200-200,3,0,0,6,20,
1774350715,0,df3ff37b14e588c2210f70be0b07c27ebdd2dbc5,881,0-200-454-454,4,0,0,6,20,
1774350715,0,dfee85535b27309ade37291cba0560dbfa021d41,1405,0-200-200,3,0,0,6,20,
1774350715,0,e1ab7aa9ba26bb3d514467db91a80f0117ac64ad,151,0-400,2,0,0,6,20,
1774350715,0,e22ed803f095eecec8b29be1fadda3e9f60b2bb0,302,0-400-400,3,0,0,6,20,
1774350715,0,e4bd3e6daceeeb1ec88082e86d06fac264e4b51f,0,0,1,0,0,6,20,
1774350715,0,e688c11fc5b8fd28433af88e340140d685cbd2ea,849,0-200-200,3,0,0,6,20,
1774350715,0,e7ecede1ac3b0062039535d7fa2a143d87779d0f,888,0-200-405-454,4,0,0,6,20,
1774350715,0,e864b740bf1c1a295077a1c6455b5944a91b117f,151,0-400,2,0,0,6,20,
1774350715,0,e88225766dea4cfe01a9c398e8e1001f5a55b631,485,0-405-400-405,4,0,1,6,21,
1774350715,0,f102652f347accb9c461d748f70e508002ab498d,849,0-200-200,3,0,0,6,21,
1774350715,0,f1e7282dc9a3edefa7b6156ae0d0a0d444ed2e57,329,0-405,2,0,0,6,21,
1774350715,0,f588143463b1ce155c8b38a3012ac6acd0d56e73,849,0-200-200,3,0,0,6,21,
1774350715,0,fa635b60bb65e39e1c1b50f53048357f005c187f,888,0-200-405-454,4,0,0,6,21,
1774350715,0,ff556309e33b9d15743550b59650ec80c6b58edd,151,0-400,2,0,0,6,21,
1774350716,0,012d474a465298efe36abd7b4507bdafcd86fb10,398,0-405-400-454,4,0,0,6,21,
1774350716,0,044e83718897a25feb9643e554529bbf4cdfe0d1,287,0-404-200,3,0,0,6,21,
1774350716,0,09416abd0038763ec08135dc5c397889888b1826,520,0-405-200-400,4,0,0,6,21,
1774350716,0,0b10161e5e980afe0aeb585597b55c8842a1a8e6,247,0-405-454,3,0,0,6,21,
1774350716,0,0be10b8c6e36452a6426da8744450f920016a77d,287,0-404-200,3,0,0,6,21,
1774350716,0,0c43606f56175f308021f65813922646c516a3e4,359,0-400-200,3,0,0,6,21,
1774350716,0,11bf5e676ef218a37486d1454e4e7d545977b1d6,247,0-405-454,3,0,0,6,21,
1774350716,0,1589b7da646a98d7f36052530441accfa92bb135,755,0-400-400,3,0,0,6,21,
1774350716,0,182c4a8a4436b91c2ec9a416ef36efddd4458088,375,0-405-200,3,0,0,6,21,
1774350716,0,1ac342aaee5fd7fb2cfecdb8ae8bbf2e54a24a73,849,0-200-200,3,0,0,6,21,
1774350716,0,1d2aabb001b221fa6945f5a0395bafb705f1c881,849,0-200-200,3,0,0,6,21,
1774350716,0,1f8ac2cacf35ed0758ad31973ec385686aa00e37,1254,0-200-400-454-400-400-454,7,0,0,6,21,
1774350716,0,221cd8f194db24254f42894e61587cccc690e583,849,0-200-200,3,0,0,6,21,
1774350716,0,24e445772f87afdbfb9745536c378926281cafc0,872,0-200-400-454,4,0,0,6,21,
1774350716,0,26800b4f269b101896bf7fc956d9b3ffde795716,720,0-200-404,3,0,0,6,21,
1774350716,0,2877b0164ef225d26ade442c493edab0fff879b0,1182,0-200-200,3,0,0,6,21,
1774350716,0,2a0637bbd3af7fb390f74eea3c0ad5b94be2a176,398,0-405-400-454,4,0,0,6,21,
1774350716,0,2b2bd69806f4b41394a35307ce2bbf7a065774f6,1103,0-200-400-400-454-454,6,0,0,6,21,
1774350716,0,2e55e65cec828cc09da8ad153401d90c178800f4,720,0-200-404,3,0,0,6,21,
1774350716,0,30d5bd28ff3952076ec34fb4bf50f221d516a315,888,0-200-405-454,4,0,0,6,21,
1774350716,0,3170df7cec24519772607fd402dcbb49d9b12a1e,952,0-200-454-400-454,5,0,0,6,21,
1774350716,0,33e4c6b5c8399c08fafd5c2c19ae0f2581ec1c53,520,0-405-200-400,4,0,0,6,21,
1774350716,0,359113082958968d710fc96188fc16e44af06606,375,0-405-200,3,0,0,6,21,
1774350716,0,38db75ed3aac610107367f8df5534dc31047feef,850,0-200-200,3,0,0,6,21,
1774350716,0,3a2f21ceed6191186d5072dff85a3b5cd491c326,887,0-200-404-405,4,0,1,6,22,
1774350716,0,3fb298db78f44b9cf3a6a28b42e4ade15b550116,720,0-200-404,3,0,0,6,22,
1774350716,0,40811dd3d96ccac945b4c437fa8cfc2ac592987f,720,0-200-404,3,0,0,6,22,
1774350716,0,43d53c1a3e1b0a15cc83ed905f06a890fefb3f1f,849,0-200-200,3,0,0,6,22,
1774350716,0,44c518aa84144ebfef731e054c7ca7cadc7527f9,1039,0-200-400-454-405,5,0,1,6,23,
1774350716,0,459f5dbb10cc837884a21fa7953d8b3809c17cb7,1039,0-200-400-454-405,5,0,0,6,23,
1774350716,0,46310c0a2af030ed69154334acb8bda3d3364077,835,0-200-200,3,0,0,6,23,
1774350716,0,46816504f062b14f08b44a410f79434b9af3826a,375,0-405-200,3,0,0,6,23,
1774350716,0,4ac0b6061c640d0cdbd20eb905f4986670d0d5f3,720,0-200-404,3,0,0,6,23,
1774350716,0,4bde3487ca3ad39030612f54bc9c68af2d47a896,478,0-405-400-454-454,5,0,0,6,23,
1774350716,0,4de27f87348f539e68ec3515b73ad57c0ddd3d82,287,0-404-200,3,0,0,6,23,
1774350716,0,4ea89bdd9d07f7c529c38594952df7f89412cb5a,943,0-200-400-400,4,0,0,6,23,
1774350716,0,513902b3d4b7b14abcd149de63dde09e713d4dfe,871,0-200-400-404,4,0,1,6,24,
1774350716,0,521ecde1b2c45fb3f589f64bfb8810e11a586c5e,287,0-404-200,3,0,0,6,24,
1774350716,0,52312bc611edaacaa18af191bede9967e929abde,1421,0-200-200-454,4,0,0,6,24,
1774350716,0,53f32364a4dfbc139894adfd9275115b17e3f275,849,0-200-200,3,0,0,6,24,
1774350716,0,5470b7df2b88d02b48d3b4e7c46ae691cc4ef9ad,1420,0-200-200-454,4,0,0,6,24,
1774350716,0,58f05361b6170d1fbb5a80772214a32dff043cb7,835,0-200-200,3,0,0,6,24,
1774350716,0,5c3412fe0ad0a64bb6e56d550f0112a842931a74,835,0-200-200,3,0,0,6,24,
1774350716,0,5dad71252d90b3905acaaa626f0b71078515227e,835,0-200-200,3,0,0,6,24,
1774350716,0,5dc4f0d5bb8a438889115039f4c480c26b768468,375,0-405-200,3,0,0,6,24,
1774350716,0,618b46bef834f885c1984e9282687c51ff7260e7,478,0-405-400-454-454,5,0,0,6,24,
1774350716,0,638ccd5122efdcc9184e1d9b9836247675872c5b,849,0-200-200,3,0,0,6,24,
1774350716,0,65ca9dccfc365e1574974a770e66b98df0b12a1f,1023,0-200-400-400-454,5,0,0,6,24,
1774350716,0,67a7b562cb2dc3b4d171f618f027719c91f47b15,469,0-405-400-400,4,0,0,6,24,
1774350716,0,6c8989beb85e6002a6d5dece902caafcbbf4aaad,1117,0-200-200,3,0,0,6,24,
1774350716,0,6f30fe2893db54aa721c7f9d744f4b1de742a7b8,518,0-405-200-400,4,0,0,6,24,
1774350716,0,712c8558a76e4533cd4c738ece0dad4f4aab00c5,952,0-200-454-400-454,5,0,0,6,24,
1774350716,0,71350be5c9732df8fde704275ec3139f751a80b7,720,0-200-404,3,0,0,6,24,
1774350716,0,7428d786961b394f0cb6d77cb0a826059c32c35a,398,0-405-400-454,4,0,0,6,24,
1774350716,0,78054aa9755c07718042c02ec564f22da3be262b,246,0-405-404,3,0,1,6,25,
1774350716,0,7aa0e7a392d4f6ce218d908169dc6cb645e7cf48,478,0-405-400-454-454,5,0,0,6,25,
1774350716,0,7bdeff8a475dd662be1b639d156d8b0cd55868de,398,0-405-400-454,4,0,0,6,25,
1774350716,0,7cdc29155cf60d938e99bf8bbc95e11621d266da,849,0-200-200,3,0,0,6,25,
1774350716,0,84328410a4b04e37740a4ad7f0acab6e868c2c93,755,0-400-400,3,0,0,6,25,
1774350716,0,847028fe7f692956b3212567fa156b81ce9df4d0,808,0-200-405,3,0,0,6,25,
1774350716,0,85963baaa553e468cb626dabcd2403f0e753237e,849,0-200-200,3,0,0,6,25,
1774350716,0,86764a869d1d8e82ebc040f20240bc8e601399d8,952,0-200-400-454-454,5,0,0,6,25,
1774350716,0,883a660a234b479d7c40a4a6231395653780c7e3,1181,0-200-200,3,0,0,6,25,
1774350716,0,942a8052bbbc08d65ba5e2a9dc70968b9424b376,398,0-405-400-454,4,0,0,6,25,
1774350716,0,94b79b3591e804598439feeaf7c6a45e646af6b4,1039,0-200-400-454-405,5,0,0,6,25,
1774350716,0,95c254b2d86004b5cb37232fab29085cd9e77552,558,0-400-454-405-454-454,6,0,0,6,25,
1774350716,0,974bd33975179ce7973df80b30a16ed2f47be660,720,0-200-404,3,0,0,6,25,
1774350716,0,98be2c3c5be63917db0033ada967be2ea8b70f5f,375,0-405-200,3,0,0,6,25,
1774350716,0,9b24853a19f50b4b98cf07000d644c5e73155dbb,720,0-200-404,3,0,0,6,25,
1774350716,0,9cd329a6168ac6c4b9e29a472b99a614cdcdd3ef,485,0-405-405-400,4,0,1,6,26,
1774350716,0,a050d10e3780b9bf2c8271d1ae9cc8e35a654a95,849,0-200-200,3,0,0,6,26,
1774350716,0,a3f921e498772ad1cfab9bd29a83c3d1829ba061,835,0-200-200,3,0,0,6,26,
1774350716,0,a46ca4f4b8c35c3e1d8a8c85b1ce1db84421e286,1039,0-200-400-454-405,5,0,0,6,26,
1774350716,0,a5af102cd29b95b28beaa9cdd7b19dd6055161ef,1029,0-200-200,3,0,0,6,26,
1774350716,0,a83ed76ffd771d8f29fd53b03336db32edc9bd37,952,0-200-400-454-454,5,0,0,6,26,
1774350716,0,b339f7d50d68bb709c16d76ecaef29ee03b4b0c1,604,0-400-400,3,0,0,6,26,
1774350716,0,b8d66b307b9889189d3031a6af9a11838cfaac3c,375,0-405-200,3,0,0,6,26,
1774350716,0,b9b4403840f2047010750d07af7ba48f6f888128,720,0-200-404,3,0,0,6,26,
1774350716,0,be187be8f1b3dc1fa13326ee8fe1ea47ccb1ba24,398,0-405-400-454,4,0,0,6,26,
1774350716,0,be7d3f503c60c3c21b3c8e2d3e728c231964b20b,375,0-405-200,3,0,0,6,26,
1774350716,0,c0c38da9ed031906af36dfd5dee19a140c72a2d0,246,0-405-404,3,0,0,6,26,
1774350716,0,c2e615d876bed41d6aecc1cb0a3c6e322b02b0cb,398,0-405-400-454,4,0,0,6,26,
1774350716,0,c50d75019b16f234fd2fae4e249b7f477678a7de,720,0-200-404,3,0,0,6,26,
1774350716,0,c531f456a17ec0e1d9efc7b4bd5c0ff78ebe6e0f,1259,0-200-200-454-200-200,6,0,0,6,26,
1774350716,0,c60baa1bb2596cd4051b7a2acf2b3f001c23599a,526,0-405-200-400,4,0,0,6,26,
1774350716,0,cb7d9007bd4e8a422f79cf258d3f1338980280d1,1031,0-200-400-454-454-404,6,0,1,6,27,
1774350716,0,cdc37e2f480d6fd58b946beb7715688a9f2546d5,720,0-200-404,3,0,0,6,27,
1774350716,0,cee85946598d6db7b815a34227fd1b15ebc8f318,720,0-200-404,3,0,0,6,27,
1774350716,0,d24563cc570ffdd25efe798cc3fa2ee749be0d00,398,0-405-400-454,4,0,0,6,27,
1774350716,0,d49193616496955386d1b903d5d593884abd5b63,375,0-405-200,3,0,0,6,27,
1774350716,0,d999130acff86b98a916650d24b921558951802f,805,0-405-404-200-200-454,6,0,0,6,27,
1774350716,0,daddfd5ecb122727ce229822f61e49f1753aeb4a,478,0-405-400-454-454,5,0,0,6,27,
1774350716,0,db0d2b08df9d1830bdfe192004c78fc696f9797b,964,0-200-400-405,4,0,0,6,27,
1774350716,0,dc594cf4cb6a566c9a3be5340b455ee1f3291d8d,1131,0-200-200-454,4,0,0,6,27,
1774350716,0,dcbc01850b0608d2f90be480b27423194cdcf079,398,0-405-400-454,4,0,0,6,27,
1774350716,0,e08d2c34bbedf722552b10189b101a1f4d618bad,287,0-404-200,3,0,0,6,27,
1774350716,0,e22173f4f9601e78a8454a365292c607e9231fd4,520,0-405-200-400,4,0,0,6,27,
1774350716,0,e64feca55822b1ed29036f55a3a7084f2414b547,1068,0-200-200-454-454-200,6,0,0,6,27,
1774350716,0,e8fb338d3bebcddeb5a1aa9f0a5edaf98cce01ea,1103,0-200-400-454-454-400,6,0,0,6,27,
1774350716,0,ea949e9f00e8a25a19d7eccaf5e520d22a5884a2,1352,0-200-200-405-200-200,6,0,0,6,27,
1774350716,0,ec840817dde2666ae25e7f0e68222b8fed56c2c7,849,0-200-200,3,0,0,6,27,
1774350716,0,ee3402a2bda748a2d5d61a10a3901ed29806b3de,849,0-200-200,3,0,0,6,27,
1774350716,0,f169e18157fd9aa6ab619580c0fc13468a041eb7,375,0-405-200,3,0,0,6,27,
1774350716,0,f1d5b6fd238231768c6848aacdd63606f69adbf8,932,0-405-200-200,4,0,0,6,27,
1774350716,0,f35fbbf372378cb513cb4db868228ec563f07885,720,0-200-404,3,0,0,6,27,
1774350716,0,f52fe516ee43de9cb7928b841c4c1785a82c8ce0,720,0-200-404,3,0,0,6,27,
1774350716,0,f863fd2e55d1272ecfd2d6e2ec94db5282aeddfd,849,0-200-200,3,0,0,6,27,
1774350716,0,f873491ab3d7fb2d5edbb956a778198fb24257ef,952,0-200-400-454-454,5,0,0,6,27,
1774350716,0,f9324f16308321dde0559b427f0cffb0aaf30b8c,1258,0-200-200-454-200-200,6,0,0,6,27,
1774350716,0,fcc8bd1f1b2f2973dfdaa2269aec55ab25cd84cc,1259,0-200-200-454-200-200,6,0,0,6,27,
1774350716,0,fea2ae1a7cfeb52e29cd8bfab10194ca369694d2,287,0-404-200,3,0,0,6,27,
1774350717,0,04bd14d563e2af5f3cc35dcfd65969bef3ecbc83,549,0-405-400-400-454,5,0,0,6,27,
1774350717,0,05725814222b6914733e14dfbe4623980d4d25e4,375,0-405-200,3,0,0,6,27,
1774350717,0,0ccc30c55690e352cd4321e4f59fc45d5b3fe170,287,0-404-200,3,0,0,6,27,
1774350717,0,0e692c4563d0957e25d5a8a89f6582dcb791bfa5,1266,0-200-200-400,4,0,0,6,27,
1774350717,0,1f155c4c7a67a39e72dc804b9c8b0de87a43bf95,835,0-200-200,3,0,0,6,27,
1774350717,0,2c684da1e4f60f76a3df14a8e4146f626ee4ff64,849,0-200-200,3,0,0,6,27,
1774350717,0,2f78f160b6f54f62831e4eaffeae40f88b8771ce,720,0-200-404,3,0,0,6,27,
1774350717,0,39b84bf3ae72e5ffbb131da6cd884a8d7d84dbcd,558,0-400-454-405-454-454,6,0,0,6,27,
1774350717,0,3db9caf143ff92b1304eb67e053bf072ffca094f,1039,0-200-400-454-405,5,0,0,6,27,
1774350717,0,3dc5254eebae30a4b6316757651c0790485a811f,1179,0-200-200,3,0,0,6,27,
1774350717,0,41fd88fc0535da22b69952ed7337c0faa3287282,1023,0-200-400-400-454,5,0,0,6,27,
1774350717,0,430f20d8d8e3da8d00a6cda5eb24e091aa05c139,871,0-200-404-400,4,0,1,6,28,
1774350717,0,44a7437307123edd4874bbf1de4baaa37072d72b,318,0-405-400,3,0,0,6,28,
1774350717,0,47319bfcd0d3204e03c86021266c98484897b273,398,0-405-400-454,4,0,0,6,28,
1774350717,0,483f4e56c7ae627bcbaf943a4e802f82cf7856b3,835,0-200-200,3,0,0,6,28,
1774350717,0,4f5e4d64c43664164b88dafe47a2accd958c33ed,398,0-405-400-454,4,0,0,6,28,
1774350717,0,529c2943b7a32d12379d5856fe4a3ac54ed2452f,375,0-405-200,3,0,0,6,28,
1774350717,0,5f59fabbd7d48ff49fe3b81b7fd13430d5972a72,849,0-200-200,3,0,0,6,28,
1774350717,0,5f75ae23a7302ef55d64f8df654102da591db71f,1501,0-200-200-400-400-200-454,7,0,0,6,28,
1774350717,0,6a0cae8adcfae99ccfad448cbd78966f4c76866a,1174,0-200-400-454-400-400,6,0,0,6,28,
1774350717,0,6b362208be0cfdb95fec5ce96ec7e1b96c3a8146,526,0-405-200-400,4,0,0,6,28,
1774350717,0,6f4f9bed26537592dcfd081f8bbf4015d23e40ea,375,0-405-200,3,0,0,6,28,
1774350717,0,6ff7f88d6e96f496b7d59f793a08a33dd8174b29,952,0-200-400-454-454,5,0,0,6,28,
1774350717,0,713753039932cf3852cfb6a0a0b8fcfea8e71929,849,0-200-200,3,0,0,6,28,
1774350717,0,72975b66d0bd91508cd8aed65c7abb944fd42cc9,835,0-200-200,3,0,0,6,28,
1774350717,0,857ddc91e0b8ce52e0f9f2c8b701bedb58368575,0,0,1,0,0,6,28,
1774350717,0,85bbcb4c06c22c1531cd3eccfbd514d5c2383763,361,0-405-200,3,0,0,6,28,
1774350717,0,8b8c8634da4ce449ecfcf3737c69016c516ca02a,0,0,1,0,0,6,28,
1774350717,0,8e6be0061c6f5d3f63c59d7ca08408dc24091131,871,0-200-400-404,4,0,0,6,28,
1774350717,0,a1977e8ff29ed3ea915f1e2d5fbf687ee04accd8,398,0-405-400-454,4,0,0,6,28,
1774350717,0,b0ab210aaa0d4749893c70686cbf9a57760a6595,398,0-405-400-454,4,0,0,6,28,
1774350717,0,b3167e5662738a61d89a7dc1be330001110cef93,375,0-405-200,3,0,0,6,28,
1774350717,0,b4399e26119c70cecc5abab7b4ed5c2166fa699e,398,0-405-400-454,4,0,0,6,28,
1774350717,0,b7f7282b251617b0d9445cf9128fa58b3f7f48f1,375,0-405-200,3,0,0,6,28,
1774350717,0,b932b9758cbab64d11550d5a030ae57ec4d46bb8,273,0-404-200,3,0,0,6,28,
1774350717,0,b95add4c4b21758a25b47e9bc85afa32ac0b9a0f,720,0-200-404,3,0,0,6,28,
1774350717,0,bb5c8bad4df418ab2d94735402f9b24d72e3b767,398,0-405-400-454,4,0,0,6,28,
1774350717,0,bd66b7dd96034dae54f3bb6a0257408781967c0f,151,0-400,2,0,0,6,28,
1774350717,0,c3f285d4b5cdc19f3009cba0ecfbde33bf0d18f6,720,0-200-404,3,0,0,6,28,
1774350717,0,c43a7d5100a6ea44fa998ef5a57018ac709707fa,1492,0-200-200-400,4,0,0,6,28,
1774350717,0,c7dd93f92c0e7d705673d0d3523e0b8704a79e89,398,0-405-400-454,4,0,0,6,28,
1774350717,0,c9d16a3229f0261f622b04f8097927d7659f14ae,375,0-405-200,3,0,0,6,28,
1774350717,0,d4bfa3836092aa821ff3a07f5f89603b0e23eec7,1039,0-200-400-454-405,5,0,0,6,28,
1774350717,0,d8bdd7d75f6b656af33e83a7d82af4bfe5c03f58,361,0-405-200,3,0,0,6,28,
1774350717,0,db7243d7ea78a287c05ad26d475562ec5bb245db,1039,0-200-400-454-405,5,0,0,6,28,
1774350717,0,dec44ed8c25e10c4f1c189b14816c5d35c0abc83,1116,0-200-200,3,0,0,6,28,
1774350717,0,e6d36f4167f718a2371d61c523574f8ecd36b4d5,1103,0-200-400-400-454-454,6,0,0,6,28,
1774350717,0,eb7a93e40e2abfcb85375d35f08dcfb525ca8440,461,0-404-400-454-400,5,0,0,6,28,
1774350717,0,ec94ca8e8f6e5da7eb75aec6b8fe2a717dd09856,1351,0-200-200-400-200-454,6,0,0,6,28,
1774350717,0,eddb6174c6febe998e97119c921d53cfdd9a3270,1174,0-200-400-454-400-400,6,0,0,6,28,
1774350717,0,f2333fcad8acf392dff996b6ee7cd77ed46037cb,396,0-405-454-454,4,0,0,6,28,
1774350718,0,06c60cd7a98b86d439a5c7e0bfee647ee7037b4e,1023,0-200-400-400-454,5,0,0,6,28,
1774350718,0,0b3bfca4cd2e993880ad7754d94c5e29becf3270,888,0-200-405-454,4,0,0,6,28,
1774350718,0,0bffd3a5ac3839d750b564b1aa97067ea11869bd,952,0-200-400-454-454,5,0,0,6,28,
1774350718,0,0c7ffba9f4f0c7c4048475631a259ce2184d5bb9,1039,0-200-400-454-405,5,0,0,6,28,
1774350718,0,0e69d2f80d163a49c314854a42aac290f5b5ba32,808,0-200-405,3,0,0,6,28,
1774350718,0,14f3b66623778cf8945e1aee4c68f774f14de1ad,835,0-200-200,3,0,0,6,28,
1774350718,0,16d1b1d9d844db43b850fb2df31dd1caa2f42609,557,0-405-400-454-454-404,6,0,0,6,28,
1774350718,0,22d29b4f47f766191b1df68b2c5dbbaadb4f5e0d,720,0-200-404,3,0,0,6,28,
1774350718,0,2a2349f65f01a1e144e133fb97edb86c697f469e,398,0-405-400-454,4,0,0,6,28,
1774350718,0,30f446fb1804733ccc9b912b72e8995782064c4f,835,0-200-200,3,0,0,6,28,
1774350718,0,360a77efe6bdf32eba06103c3022184b8f99c0d1,1131,0-200-200-454,4,0,0,6,28,
1774350718,0,3e009888db8c3e40271c5002c0570f522e008fda,720,0-200-404,3,0,0,6,28,
1774350718,0,3fc781ac95498539a2c6a69c21386fd6a68188ee,849,0-200-200,3,0,0,6,28,
1774350718,0,49314224caf965e430b114ce727f5869f6e8fefa,849,0-200-200,3,0,0,6,28,
1774350718,0,49fd72c107d1fa463e0bee007c65c58cab954a4e,1238,0-200-200-454-200-200,6,0,0,6,28,
1774350718,0,51441dc40c285856bcaff6b3a6a2f03a762ea7b8,952,0-200-400-454-454,5,0,0,6,28,
1774350718,0,5152ded0b8342f0c97e3e50217b95dc704b5ad16,375,0-405-200,3,0,0,6,28,
1774350718,0,530585bdcb0114c8327aaee636fb55ec1dcd0729,800,0-405-200-200-454-400,6,0,0,6,28,
1774350718,0,5a76fc4812e86283a9536acea4bd9b18d8df6b5a,398,0-405-400-454,4,0,0,6,28,
1774350718,0,6124447e0541e8f078471530d9c00a7842c07ca3,361,0-405-200,3,0,0,6,28,
1774350718,0,61c79477348e847d0f37a3770f6e2210e324fedb,361,0-405-200,3,0,0,6,28,
1774350718,0,6c106210abadc37c38177c3c7c250048d5ef38be,835,0-200-200,3,0,0,6,28,
1774350718,0,6c9cc5c6c687cca2ef356327e3bd4f63285ca6a3,835,0-200-200,3,0,0,6,28,
1774350718,0,6e633e411f15617b36c207e834bd5a7473af6f30,246,0-405-404,3,0,0,6,28,
1774350718,0,6fb3cddb7d78f3d9efd1261baa03594e8a87df4e,375,0-405-200,3,0,0,6,28,
1774350718,0,7c24d6bd6b8faa07e25380de912512b53ea412b1,1067,0-200-200-454-404-200,6,0,0,6,28,
1774350718,0,81b7cc398ac61e746fae8a006358d189887380c5,375,0-405-200,3,0,0,6,28,
1774350718,0,86083ce71e1a84fd52872217c80966eb049c946d,1258,0-200-200-454-200-200,6,0,0,6,28,
1774350718,0,8aac9813ffe908ab76638de29c384427c71361fe,592,0-405-200-400-454,5,0,0,6,28,
1774350718,0,94eecbaf9df342318d4c9ddec682512cce6bf1c3,1257,0-200-200-454-200-200,6,0,0,6,28,
1774350718,0,986b32a5bbe21a4359221e2a7a4e0988bfbf6f3b,720,0-200-404,3,0,0,6,28,
1774350718,0,aa8b5b5f47cccda475bebb0d6dec628276117e5f,311,0-400-454-454,4,0,0,6,28,
1774350718,0,bfca9d3609a43b157bfaa5810cffa307f429be54,381,0-404-400-400,4,0,0,6,28,
1774350718,0,c24198fac8bcd056db5166446f95bdab449816c6,1068,0-200-200-454-454-200,6,0,0,6,28,
1774350718,0,cd2ac859ef2fd65da7f4e1b5ee069a591f0b84d8,835,0-200-200,3,0,0,6,28,
1774350718,0,d74cd25f8c5660cc55c249c9d99f44fa28a96ff6,835,0-200-200,3,0,0,6,28,
1774350718,0,e0b5319f20b215a4dadd045653ade2085ec6053a,835,0-200-200,3,0,0,6,28,
1774350718,0,e70a747ebb7e8f73eb4f24144d7de56a1cd69c6f,835,0-200-200,3,0,0,6,28,
1774350718,0,f0a761013450b7834ba2e703521dfcff22ba51ef,1131,0-200-200-454,4,0,0,6,28,
1774350718,0,f2f510d8fd5164799ba532883f0cbb3003538b2c,1178,0-200-200,3,0,0,6,28,
1774350719,0,0567dc1260128df537ffdaf36397f098b3695289,952,0-200-400-454-454,5,0,0,6,28,
1774350719,0,0a1ddf8765756fb5a83de60ff90eb585ae6e8240,835,0-200-200,3,0,0,6,28,
1774350719,0,13fcbb4ec91c1ef6716b632d8fe715333cd89a4a,835,0-200-200,3,0,0,6,28,
1774350719,0,15644f162df3031e176370cb83795cb9ec95fec4,835,0-200-200,3,0,0,6,28,
1774350719,0,183054c6632df294f3b662e17745bd5f0b830028,1103,0-200-400-454-400-454,6,0,0,6,28,
1774350719,0,1ae6f8932a182df20423dede49f13050abfb8983,398,0-405-400-454,4,0,0,6,28,
1774350719,0,1d914a1fd023bd65b4db4c50baf988dbf91dc48a,1393,0-200-200-454,4,0,0,6,28,
1774350719,0,24e7bdff54b2e4c53f1cb10fd535e1db2f50ec3b,872,0-200-400-454,4,0,0,6,28,
1774350719,0,289440e3cbbfcd76744d64e4cfce527e75851333,800,0-200-454-404,4,0,0,6,28,
1774350719,0,2985231b8ef78a76d36230e8874f17fd5bf14133,1180,0-200-200-400-200,5,0,0,6,28,
1774350719,0,2e860730a8ccff5442d63081e9ec7fda51374ce4,720,0-200-404,3,0,0,6,28,
1774350719,0,3bb7eae64ea3db8b1c2187ee477397c560e3e3da,413,0-405-404-405,4,0,0,6,28,
1774350719,0,3f3293e7efabcaf2e566407cfe0a77e63db78305,835,0-200-200,3,0,0,6,28,
1774350719,0,40345b65911584552dbe64f80042dbea7d05e0be,375,0-405-200,3,0,0,6,28,
1774350719,0,4587409ff618f33065d66c1dc4315bec84059cc9,526,0-405-200-400,4,0,0,6,28,
1774350719,0,4ce831629806099a3e7cc9ac094192564f80a313,835,0-200-200,3,0,0,6,28,
1774350719,0,52633e5bf2ac28402208c76b02cd0f78727e0b2f,417,0-405-400-454,4,0,0,6,28,
1774350719,0,52f61480450f69b40e510c6a1a75e0ff37d6141c,800,0-405-200-200-454-400,6,0,0,6,28,
1774350719,0,546b1e7f0347b3d6e1884fa2787b5ca2cb203e0a,689,0-400-200-200,4,0,0,6,28,
1774350719,0,5743192dc84bbcf5362d7f92b390a75b7f122ec8,952,0-200-400-454-454,5,0,0,6,28,
1774350719,0,57b47e8a357fd518594e24f91b0ac88e47a2c1e0,565,0-400-454-405-405,5,0,0,6,28,
1774350719,0,588d87526dbd27a8290264f61ee2a5907f382340,287,0-404-200,3,0,0,6,28,
1774350719,0,5b8b0a1611e2eea09dbf5e045c7ba2f67f336030,720,0-200-404,3,0,0,6,28,
1774350719,0,5f9c71b00999a17b048865fdd7137c2144544632,520,0-405-200-400,4,0,0,6,28,
1774350719,0,6c4e3f3947eb0615ebcf6751a683ac596da33a4e,557,0-405-400-454-454-404,6,0,0,6,28,
1774350719,0,6c82500d856aff8906beadb06464848fc98bab94,835,0-200-200,3,0,0,6,28,
1774350719,0,70b92f05a9c87134a8a604b6850261dccce54465,398,0-405-400-454,4,0,0,6,28,
1774350719,0,7ebe869feb0c6ae56ad19470dad70c691ef02366,398,0-405-400-454,4,0,0,6,28,
1774350719,0,871ee121e6662e199db029e023b9baa59c005c2e,800,0-405-200-200-454-400,6,0,0,6,28,
1774350719,0,96113ab93161cd524600eeebcdd44cc74eec3524,887,0-405-200-200-405-400,6,0,0,6,28,
1774350719,0,9bf462a1a248d75ba0e2945c53580b9c15bbdd8a,1023,0-200-400-400-454,5,0,0,6,28,
1774350719,0,a52ea0174f035a4d1ac418f24af3bdb994d077a3,528,0-405-200-405,4,0,0,6,28,
1774350719,0,af808f375e68f57d30eb1822b39df3fcf807e212,167,0-405,2,0,0,6,28,
1774350719,0,b15a53a6f095fb6c01087b5097d1255a7b26c3b3,1492,0-200-200-400,4,0,0,6,28,
1774350719,0,b37a0574cdd0377b55a059b5cb88aca82a501711,398,0-405-400-454,4,0,0,6,28,
1774350719,0,c2ce263930eec88315be8f81f13c1bcaf10ad22d,512,0-405-200-400,4,0,0,6,28,
1774350719,0,c4b4021009fbfb3f9fc01898c74a5eb0dd605919,0,0,1,0,0,6,28,
1774350719,0,e4fe5b5f55bdc1b2636b7275036c2cb410a13ca0,558,0-400-454-405-454-454,6,0,0,6,28,
1774350719,0,e91d25081d19622f26e93f322fd2159879999054,398,0-405-400-454,4,0,0,6,28,
1774350719,0,e92f3e8aa30ff0620ff4abfd053517941cc171f1,287,0-404-200,3,0,0,6,28,
1774350719,0,eba39616614edb498a4ee6430dbb210fd18bf5cf,897,0-200-454-454,4,0,0,6,28,
1774350719,0,ed1117cacb59c671859ccf869480d5e36f7a1a53,649,0-405-200-200-454,5,0,0,6,28,
1774350719,0,ee59bc9cd8561253c21d0ee0e6f75e8e2466921c,835,0-200-200,3,0,0,6,28,
1774350719,0,fa46cbb94c86c7759cbd68a5179027d15b8002f5,952,0-200-400-454-454,5,0,0,6,28,
1774350720,0,028c0f2671f3f223b36dd3055080a7e70d9bd08b,952,0-200-400-454-454,5,0,0,6,28,
1774350720,0,02a2c4b59fe47d8fdb7471a75ff6e66ab5d14673,888,0-200-405-454,4,0,0,6,28,
1774350720,0,08b0f97d5e43aabbdaee5e07f00189b18965bca4,952,0-200-400-454-454,5,0,0,6,28,
1774350720,0,0b35aa70eee714efe4d29410ab4949a19a4191d0,952,0-200-400-454-454,5,0,0,6,28,
1774350720,0,0c55d1bb033c3fd28ed100f4edc77347e0b72cbe,398,0-405-400-454,4,0,0,6,28,
1774350720,0,0ff226c8db6c247789a554f93eb67c77648628b0,318,0-400-405,3,0,0,6,28,
1774350720,0,146f4d4f32170729f42884768eb9017ce1957b89,849,0-200-200,3,0,0,6,28,
1774350720,0,1c04741b789f319ebaa176968705200f15d93f97,1039,0-200-400-454-405,5,0,0,6,28,
1774350720,0,24f735a4a4bad0ed62aa18765209bb8a829563c9,318,0-405-400,3,0,0,6,28,
1774350720,0,2f08cbe33ef084fda6a799b19f966a1de2e8176e,512,0-405-200-400,4,0,0,6,28,
1774350720,0,304944af9bb4990e3e5b531aa0efa5ff47106e36,696,0-404-200-454-200-200,6,0,0,6,28,
1774350720,0,384e8018dec4900ff10ff0bea8c377a3cd9fb113,1066,0-200-200-454-400,5,0,0,6,28,
1774350720,0,403e3bc23e44cd76c11160b38aba111c78aae695,835,0-200-200,3,0,0,6,28,
1774350720,0,40ca904700b8c00bf1f1158dc04b41687650f0bc,398,0-405-400-454,4,0,0,6,28,
1774350720,0,41fcac0c266548075e78142f21f1210a29b608f8,720,0-200-404,3,0,0,6,28,
1774350720,0,5ecf988af24b8113b6bafef8a7e5de59165021f5,835,0-200-200,3,0,0,6,28,
1774350720,0,6126d2f6973e37e2f7c0eda1ee47cd1a3deda8be,159,0-454-404,3,0,1,6,29,
1774350720,0,68fd29dd020f78c776421ce591f5c2807fc8f220,375,0-405-200,3,0,0,6,29,
1774350720,0,6b65bd842770e98d3474b4ab3a9ba1da1edfd647,592,0-405-200-400-454,5,0,0,6,29,
1774350720,0,71afc7241ea2a49587407c2c29998bf09f9e47af,287,0-404-200,3,0,0,6,29,
1774350720,0,790f32cf1f18002d4cf9dff90142fd249891d6bd,398,0-405-400-454,4,0,0,6,29,
1774350720,0,7a5de866db61ac7fd4b3cf4f20a6fc2d65a5d58b,375,0-405-200,3,0,0,6,29,
1774350720,0,836f31a06f7b8c434d1aaf50baeeca8a03370f38,720,0-405-200-200-400,5,0,0,6,29,
1774350720,0,85289839fac62f42678847af13cf65d87137099b,287,0-404-200,3,0,0,6,29,
1774350720,0,869f1a7cb12e45f564f5742b79a9323a33f876bc,835,0-200-200,3,0,0,6,29,
1774350720,0,931a080752292162ac3facd0b7135d478559de6d,1104,0-200-400-400-454-454,6,0,0,6,29,
1774350720,0,99b88013b0ca2d1c48a62bddb83c4b2b5521b473,952,0-200-400-454-454,5,0,0,6,29,
1774350720,0,9d8ef3aa7c0c7f5c02ab1cba2cf242154a9f90b5,720,0-200-404,3,0,0,6,29,
1774350720,0,a110c45ffffdcc5413e39dc10b9778fc20c04fba,398,0-405-400-454,4,0,0,6,29,
1774350720,0,cae3d126faf0a277cd3c3fca4b2a2a4236a5dde3,549,0-405-400-454-400,5,0,0,6,29,
1774350720,0,cc06c4c0c5a66385b967b180ef9a3bdba1c6af59,398,0-405-400-454,4,0,0,6,29,
1774350720,0,ece79fb20cd549e771d672ebded40a915a77cc10,465,0-404-400-405,4,0,0,6,29,
1774350720,0,fa4da9e9baadd958962ebaccb496410e41e72627,397,0-404-400-405,4,0,0,6,29,
1774350721,0,18d7882fd14deb07155b513f5e547297a98ed431,381,0-404-400-400,4,0,0,6,29,
1774350721,0,1d66505dc09d08d8a324e57523b03aba99cc5173,849,0-200-200,3,0,0,6,29,
1774350721,0,25165fae089122c06da367f12437ea5983368b0a,1023,0-200-400-454-400,5,0,0,6,29,
1774350721,0,29414671096516123622d12146af06ad467a6410,835,0-200-200,3,0,0,6,29,
1774350721,0,29e1349da30d13c10fdb9fbeda7f4831f51e474f,287,0-404-200,3,0,0,6,29,
1774350721,0,4fbfbb83363e93522577e629c242e41e657926a1,897,0-200-454-454,4,0,0,6,29,
1774350721,0,51cb651902dc05916f1657927eec1b6398340170,1000,0-200-200-400,4,0,0,6,29,
1774350721,0,52ed1ce529a1d9c0f5a436fe3ae0bb287701af49,1326,0-200-400-400-454-400-400,7,0,0,6,29,
1774350721,0,54fc012767a6b063a41571c727f68208a96306d7,345,0-400-200,3,0,0,6,29,
1774350721,0,5e8ed677742d8f13e1621029b41bc7c5bc764218,558,0-400-454-405-454-454,6,0,0,6,29,
1774350721,0,5fcc3ce4da6c96753974503860e0299cdf8b513a,1259,0-200-200-454-200-200,6,0,0,6,29,
1774350721,0,61ed84d2164c99d114f0db1b216abda29f9ef8bc,679,0-405-200-405-400,5,0,0,6,29,
1774350721,0,72c8f3aeff5a00431bb8bca377ecf94a7fd3464b,438,0-404-200-400,4,0,0,6,29,
1774350721,0,73408c7cf081a2afbdf61a90977978c8cb53c168,287,0-404-200,3,0,0,6,29,
1774350721,0,8c9214d3b6e84592032be499d1bc5040a92c4c34,835,0-200-200,3,0,0,6,29,
1774350721,0,bcc5f57020190a35b84d0936c715504800aa2473,828,0-405-200-400-400,5,0,0,6,29,
1774350721,0,c4f9789f6e89f7d55b27296318b33c24bc0c5e8f,663,0-405-200-400-400,5,0,0,6,29,
1774350721,0,cbee9386da64d4132c239a608609ed5d26b19c38,361,0-405-200,3,0,0,6,29,
1774350721,0,d323d42762d92fa3458084cf1ca5488336494f5e,398,0-405-400-454,4,0,0,6,29,
1774350721,0,d53e9b097e3943be16202dc7909acc76ab9015e8,1382,0-200-200-400-400-454,6,0,0,6,29,
1774350721,0,e7d53b1820ca09cb2671b43593e22019a53928ce,835,0-200-200,3,0,0,6,29,
1774350721,0,eee9329117592a43b7525c685bc033d67ac6ed56,485,0-405-400-405,4,0,0,6,29,
1774350721,0,fc85dadef303a57de2f48ed488b9d3348a27b130,835,0-200-200,3,0,0,6,29,
1774350722,0,01e7194d4192c32928f5c8088641438ef4f80433,361,0-405-200,3,0,0,6,29,
1774350722,0,124e3f095302761ef78384ede6a74ccaae3f9f58,396,0-405-454-454,4,0,0,6,29,
1774350722,0,148eaf8b659f19fd05509e5f2d923efdd5be9de8,800,0-405-200-200-454-400,6,0,0,6,29,
1774350722,0,204361a2a9c7ec61d959c710d9abb07be4aa0c62,800,0-405-200-200-454-400,6,0,0,6,29,
1774350722,0,24edf72767140b620c357f153b81f8f62d150158,398,0-405-400-454,4,0,0,6,29,
1774350722,0,33b83b0ab660859a54209e488a3b48b11e90a3d8,792,0-200-400,3,0,0,6,29,
1774350722,0,487732e394a37bf7e4384b4548a674ad16702e05,345,0-400-200,3,0,0,6,29,
1774350722,0,569bc12342998a47b4ee1a1e9a24c4d40e4a4497,375,0-405-200,3,0,0,6,29,
1774350722,0,68412a5ad1f9a41b4a3c6235203183ddb82445ed,246,0-405-404,3,0,0,6,29,
1774350722,0,68a6415c7419af6bbb29ec6a06253b7495cb1cbf,287,0-404-200,3,0,0,6,29,
1774350722,0,6bab46fc9e31bd93da11615cfc779a861b2c8fb6,943,0-200-400-400,4,0,0,6,29,
1774350722,0,722876f414ddd767ccd2a7f2007179a2e0dda22a,977,0-200-454-454,4,0,0,6,29,
1774350722,0,7719434c55fc340e36df1d23af983410da15b222,1259,0-200-200-454-200-200,6,0,0,6,29,
1774350722,0,861688082fc6f31fc249710dff995278e2a30eb1,432,0-404-200-454-200,5,0,0,6,29,
1774350722,0,89246422ff7c17a69ff7db85eaf2c8f633f1a109,835,0-200-200,3,0,0,6,29,
1774350722,0,8fbfc4ded1ac98e733c63e5657a1cb9ae8b96628,431,0-404-200-404-200,5,0,0,6,29,
1774350722,0,acbc681f403270b5caf9ec887882b2d4d4024e7d,469,0-405-400-400,4,0,0,6,29,
1774350722,0,b683e6389c23c928a29d096551fb69eb713b885f,246,0-405-404,3,0,0,6,29,
1774350722,0,b7d1f1dd8edcb6dc487c9ea5125f9035c3e6817f,849,0-200-200,3,0,0,6,29,
1774350722,0,d0e13547bede9f8dd0f563d90436f1e8fe9624d8,720,0-200-404,3,0,0,6,29,
1774350722,0,db650b6401c05638e8bfb3cf39f4fae2bc790083,318,0-405-400,3,0,0,6,29,
1774350723,0,078825eb5b98319e786eebc350db291fd65c085c,835,0-200-200,3,0,0,6,29,
1774350723,0,193ba614387bcbe5ef00b29b17212b8196637190,558,0-400-454-405-454-454,6,0,0,6,29,
1774350723,0,31141938d672aec6fc0b2cb41ee8f22f266fb34c,549,0-405-400-400-454,5,0,0,6,29,
1774350723,0,3a9c91e44ee6c5caa61390663baf01ae824496c4,287,0-404-200,3,0,0,6,29,
1774350723,0,4866bce443d75e735e68bfbf82df047d0398213e,318,0-405-400,3,0,0,6,29,
1774350723,0,4f5fcbda6ec71152f12a3f294a01ca46c4cfa9d9,1259,0-200-200-454-200-200,6,0,0,6,29,
1774350723,0,5af69182db080ece357c6e8753860dac55a97215,835,0-200-200,3,0,0,6,29,
1774350723,0,61729e4eced42e8319bef6e10e389c79a3a7c929,375,0-405-200,3,0,0,6,29,
1774350723,0,671bf80e51b12bd0d638845def0ef2e4637f461f,1065,0-200-200-404-400,5,0,0,6,29,
1774350723,0,7f6ba7d7b15df15045f102f1e500b226d38d6536,835,0-200-200,3,0,0,6,29,
1774350723,0,91ab45c72d5397df9c30c7385011442093e94a02,361,0-405-200,3,0,0,6,29,
1774350723,0,938f8cd1454b3341ec7daf803d0eaa84aad47a3c,398,0-405-400-454,4,0,0,6,29,
1774350723,0,9e572f334d4abbac3c795e36ca44d0a7d211e060,287,0-404-200,3,0,0,6,29,
1774350723,0,a0a11d288071602c9636ca099353945685ad11e0,629,0-400-454-400-454-405,6,0,0,6,29,
1774350723,0,a1c4dd711dc32f4ccd744b4fa609630eec5976b2,1304,0-200-200-400-405-400,6,0,0,6,29,
1774350723,0,e018744b697642a051dba09744c3b8fa823e27b2,558,0-400-454-405-454-454,6,0,0,6,29,
1774350723,0,e86f48b737012cee3b28d7e7f14833a6cb1b2545,549,0-405-400-400-454,5,0,0,6,29,
1774350723,0,f7c131fb0f5c24813e18d187ebaa4b5de9a8cc96,1217,0-200-200-400-454-400,6,0,0,6,29,
1774350723,0,f908c0272e1d4d0ada27aa93f5b833b2f8151855,230,0-400-404,3,0,0,6,29,
1774350724,0,05086a938c3a102eed0973e930cd5d4af801ce0e,952,0-200-400-454-454,5,0,0,6,29,
1774350724,0,3ed4d35998196c54269454040ccd1d12fdfe0146,835,0-200-200,3,0,0,6,29,
1774350724,0,44313d5d48f4fb3a981315a1af47cb833dff278e,849,0-200-200,3,0,0,6,29,
1774350724,0,45be03b837dc0d61121d865408f944c98e94710c,835,0-200-200,3,0,0,6,29,
1774350724,0,62e7547385bc6cc86472942b0a9aba859d8ee4bb,287,0-404-200,3,0,0,6,29,
1774350724,0,682e1dfa59075ad2574b8ccabb3684659b5b95a2,835,0-200-200,3,0,0,6,29,
1774350724,0,836bb86c966fc47bcbadc57d94412614322824a2,294,0-405-404,3,0,0,6,29,
1774350724,0,8877398b6229b6b1fdb1816994edc693a07db59b,548,0-405-404-400-400,5,0,0,6,29,
1774350724,0,ab7f428978501666101dc95bdcbedc0b93f26050,835,0-200-200,3,0,0,6,29,
1774350724,0,ae27cd2f5cfddbfb8ad696700253a00f6a83a5cd,247,0-405-454,3,0,0,6,29,
1774350724,0,d8dbe93223897e83a232def3c4e25a2e96fe6173,849,0-200-200,3,0,0,6,29,
1774350724,0,fb16e83e37ca4f6c173d2f4a2ee96922a72325a1,835,0-200-200,3,0,0,6,29,
1774350725,0,21a9d86a80eb5cf0e61bcc012c00fafae303fe6c,835,0-200-200,3,0,0,6,29,
1774350725,0,88340f8a1d54b47cb9092bd35a4c5227e0480912,1274,0-200-200-454-200-454,6,0,0,6,29,
1774350725,0,89511632a7d55208ead2c7de247e583c925bfbc7,246,0-405-404,3,0,0,6,29,
1774350725,0,a7d4e4ffeb017e0b34f1729f639627e805857dbb,398,0-405-400-454,4,0,0,6,29,
1774350725,0,a91d6d6dda3d91ff928a7d3c78973d0268d42530,398,0-405-400-454,4,0,0,6,29,
1774350725,0,be749ac3bc9cd70b2148af15157ed0998b1ce1c3,565,0-400-454-405-405,5,0,0,6,29,
1774350725,0,c278af1269bcb20ee08cb38b2d8850603a407607,835,0-200-200,3,0,0,6,29,
